{
  "resourceType" : "OperationDefinition",
  "id" : "search-by-amka",
  "text" : {
    "status" : "generated",
    "div" : "<div xmlns=\"http://www.w3.org/1999/xhtml\"><p class=\"res-header-id\"><b>Generated Narrative: OperationDefinition search-by-amka</b></p><a name=\"search-by-amka\"> </a><a name=\"hcsearch-by-amka\"> </a><a name=\"search-by-amka-en-US\"> </a><p>URL: [base]/Patient/$search-by-amka</p><p>Output parameters Profile:<a href=\"StructureDefinition-PatientProfile.html\">PatientProfile</a></p><h3>Parameters</h3><table class=\"grid\"><tr><td><b>Use</b></td><td><b>Name</b></td><td><b>Scope</b></td><td><b>Cardinality</b></td><td><b>Type</b></td><td><b>Binding</b></td><td><b>Documentation</b></td></tr><tr><td>IN</td><td>amka</td><td/><td>0..1</td><td><a href=\"http://hl7.org/fhir/R4/datatypes.html#string\">string</a></td><td/><td><div><p>The AMKA value to search for. Must be an 11-digit numeric string.</p>\n</div></td></tr></table><div><p>This operation allows searching for a Patient resource conforming to the PatientProfile by its AMKA extension value.</p>\n</div></div>"
  },
  "url" : "https://hl7.org/fhir/OperationDefinition/SearchByAmka",
  "version" : "1.0.0",
  "name" : "SearchByAmka",
  "title" : "Search By AMKA",
  "status" : "draft",
  "kind" : "operation",
  "date" : "2025-01-16T11:44:23+02:00",
  "publisher" : "FHIR Greek Core",
  "contact" : [{
    "name" : "FHIR Greek Core",
    "telecom" : [{
      "system" : "url",
      "value" : "http://example.org"
    }]
  }],
  "description" : "Search for a PatientProfile by AMKA extension value. Returns a single Patient resource if found.",
  "code" : "search-by-amka",
  "comment" : "This operation allows searching for a Patient resource conforming to the PatientProfile by its AMKA extension value.",
  "resource" : ["Patient"],
  "system" : false,
  "type" : true,
  "instance" : false,
  "outputProfile" : "https://hl7.org/fhir/StructureDefinition/PatientProfile",
  "parameter" : [{
    "name" : "amka",
    "use" : "in",
    "min" : 0,
    "max" : "1",
    "documentation" : "The AMKA value to search for. Must be an 11-digit numeric string.",
    "type" : "string"
  }]
}